{
    "rms": 0.6888463903402792,
    "mse": 0.5452396572532181,
    "r2": 0.23273644614432232
}